,PC1,PC2,PC3,Class
sample_0,-18.362847491725937,-22.752127772586732,29.215058443311932,PRAD
sample_1,0.30619163226166,24.58549071945471,-2.0862689428639474,LUAD
sample_2,-12.856594954361196,8.6708323818565,13.283373316552062,PRAD
sample_3,-20.966932265734112,-13.825808681640408,24.491044307082593,PRAD
sample_4,-23.128980813754303,-3.262526998744469,-18.832036439417273,BRCA
sample_5,-10.362367205847924,-26.707521855680604,21.016181637386694,PRAD
sample_6,23.488684506047743,-12.723167578248425,1.0054290773940708,KIRC
sample_7,-9.208650795251303,-30.16843313726546,18.974997668406232,PRAD
sample_8,-10.057677392339425,5.511970828556098,-14.291653661474475,BRCA
sample_9,-17.811757631561793,-26.16964103042328,24.600921909366818,PRAD
sample_10,-19.96040268150035,-9.875265177510203,-16.993023929866766,BRCA
sample_11,50.75203837330708,-11.789344699158528,-8.331901175136807,KIRC
sample_12,-11.420176445465552,-25.417152771782625,26.79466079054301,PRAD
sample_13,-15.362669726572491,7.142978609261033,-14.735778174367633,BRCA
sample_14,-21.943687367060313,3.6396062502392286,-19.69196128117775,BRCA
sample_15,-18.073529647610357,-6.399384988581875,-23.989779310455372,BRCA
sample_16,3.4161905490786597,14.171498277864346,5.819503224471855,LUAD
sample_17,42.49723987730085,-13.10330546030799,-4.110039229659895,KIRC
sample_18,43.19079201278728,-10.149218237677688,-3.4147270834665022,KIRC
sample_19,-16.49812836422222,-17.098143024401445,28.158916781368703,PRAD
sample_20,-16.170574292275333,6.0079397286953675,-24.89149384466719,BRCA
sample_21,29.827608421005586,7.068312839250989,-2.2143857532388833,KIRC
sample_22,1.6589848752842562,11.206766587610206,6.980605901486997,LUAD
sample_23,-23.890405608488518,13.943236401841613,-19.075532765660085,BRCA
sample_24,53.76514088153125,-7.69711815428426,-8.568907123627344,KIRC
sample_25,3.2367559472359004,2.489425342713001,7.116276155453564,LUAD
sample_26,4.11743263927183,35.65617548784478,22.844659134747566,COAD
sample_27,-16.575069270090406,0.12780027364248978,-19.37804620926885,BRCA
sample_28,-10.54377848683529,5.434706464388368,-6.18061828305739,BRCA
sample_29,-14.549046929162369,-0.9432123498769156,0.8396874866065694,BRCA
sample_30,-14.907973059923485,4.64129708522738,-23.236084337282975,BRCA
sample_31,-22.376309900838326,4.31069760208179,-25.309171009957918,BRCA
sample_32,38.35098076747115,-5.9786482673879435,-8.14427411689039,KIRC
sample_33,-13.390130818755319,-6.376080152392095,-14.327807893322136,BRCA
sample_34,-17.24176098067352,-24.114407145642254,24.60815655144455,PRAD
sample_35,-20.059399052165976,4.109399169108184,-23.243460286065787,BRCA
sample_36,31.285803031933067,-13.766994640725652,-0.505047268521356,KIRC
sample_37,-0.0716145713973964,-2.2559541027948717,7.74146854587618,LUAD
sample_38,-17.15826328160049,-1.2827536052377926,-20.64708222764453,BRCA
sample_39,-19.61197488390714,1.0400866213760727,-11.710016873489604,BRCA
sample_40,47.74308807565429,-13.93557982010079,-9.944360724461385,KIRC
sample_41,-18.61706119035645,-30.853979952064126,31.912133800302122,PRAD
sample_42,-13.892982014601209,-23.098432682922002,24.71400165440228,PRAD
sample_43,49.33180371461461,-12.259589478259862,-6.757987461511975,KIRC
sample_44,51.83352322865446,-13.713158204817313,-7.44547886039246,KIRC
sample_45,-17.445374521885768,0.1781428752549715,-24.859592650392653,BRCA
sample_46,-16.53838059657693,-30.784457855779575,29.677848849572868,PRAD
sample_47,-0.7370670972056467,48.2410912924431,24.748774210815817,COAD
sample_48,-17.414094984406976,4.754343779669051,-24.45914614727136,BRCA
sample_49,-1.1787657397969362,16.497695756937468,4.969097770002967,LUAD
sample_50,-16.41307719939976,-0.36567834016141837,-21.795559645775985,BRCA
sample_51,1.9238842581176914,20.575389566073213,10.630011234077571,LUAD
sample_52,-11.096795627984955,13.513804803598683,-11.129699006829172,BRCA
sample_53,-13.759589739233993,-27.270888583138767,25.52173278384674,PRAD
sample_54,0.05045791370833547,44.90675524613712,17.941084133904983,COAD
sample_55,-14.027625269250633,15.038790815071039,-6.18783992470049,BRCA
sample_56,-20.05866198273695,2.887623577791383,-26.822037805266326,BRCA
sample_57,7.502390582819405,30.118975145534375,17.346679972814762,COAD
sample_58,40.48400570766811,-14.732033558427617,0.48105115451775454,KIRC
sample_59,-17.878502157020492,-13.328356851006145,-16.381681944879823,BRCA
sample_60,-0.6145209525328074,16.639491805369016,4.44193138458065,LUAD
sample_61,8.533976939846903,-3.4138568222312675,-3.2183976367552742,KIRC
sample_62,-13.542536362085587,-12.1650464599949,-18.971597796214443,BRCA
sample_63,1.2508870738335098,13.413476807059576,4.907138076986013,LUAD
sample_64,-19.546287917963223,-15.29359603928842,28.135289411402148,PRAD
sample_65,5.548683949159169,42.55653854987338,22.378864428569933,COAD
sample_66,-12.761536284336405,-11.95986875421356,-11.204844485877974,BRCA
sample_67,-17.79174038736565,-25.95020253432765,28.734890007156107,PRAD
sample_68,47.171183246924286,-9.05371947054703,-7.889364395516402,KIRC
sample_69,-10.343110443932597,4.023996522811124,-10.653265986811984,BRCA
sample_70,48.88672901333118,-9.133601812075845,-4.280002530349528,KIRC
sample_71,-15.801462747880949,-9.101132916585453,-16.688973436202296,BRCA
sample_72,-17.124792754622252,-6.300027527596108,-16.13123909702172,BRCA
sample_73,3.9968916654954176,11.449068934104574,7.614133405212598,LUAD
sample_74,-7.326117592474508,7.775860038414999,-13.337028930842733,BRCA
sample_75,-1.4224901232526,25.44711066944027,1.4516538696085934,LUAD
sample_76,-17.958025592787997,-10.650723606022792,-19.25765375927729,BRCA
sample_77,33.326420240840754,2.5735494440286057,-4.541544055604976,KIRC
sample_78,-18.59606892073342,-24.39146776037764,29.966504380553072,PRAD
sample_79,0.8360731799974693,36.49840975031709,23.38796690500672,COAD
sample_80,-16.29678751578208,4.065705043195498,-22.835378645452668,BRCA
sample_81,-12.962350043204568,-23.154641861855133,30.197699981345462,PRAD
sample_82,-17.893293056753254,0.4279006629795108,-16.761561223415388,BRCA
sample_83,-14.697381247391563,-1.4554583602125497,-24.349677852068965,BRCA
sample_84,-13.28032841821445,-27.76918496605615,29.006636151810905,PRAD
sample_85,-13.599969585596615,-26.580584592132965,32.478167851607445,PRAD
sample_86,-16.267637161956493,8.236576058161221,-14.562543630417757,BRCA
sample_87,-23.157484524881585,-1.5495084619292954,-25.202979568309004,BRCA
sample_88,51.0148798134766,-12.68266353431208,-3.349201758846898,KIRC
sample_89,-9.166774986780034,10.90328961609487,-15.049969668915118,BRCA
sample_90,-18.91128268935149,-24.73210039972811,28.538524014125244,PRAD
sample_91,-15.474404706420254,-22.838199370068395,28.38170203337682,PRAD
sample_92,-12.409370700750308,-6.221768217145567,-20.39111257802181,BRCA
sample_93,-15.876944555679323,-5.8077478252163495,-15.597572135164363,BRCA
sample_94,-19.97231820447045,-5.90096310618878,-19.629078688263586,BRCA
sample_95,-19.336785710314913,-28.677840363043366,32.00247207743774,PRAD
sample_96,4.4072740650449385,41.71104193106855,21.387740409118706,COAD
sample_97,-18.915122542640297,2.6165124366968926,-26.885145885192525,BRCA
sample_98,-14.76986092301721,-26.79479384753603,29.63733569963021,PRAD
sample_99,-13.438014983921954,-3.433609978106579,-22.002854874912686,BRCA
sample_100,-15.710411320220006,-2.757872419277101,-19.291640397274055,BRCA
sample_101,48.771517633955995,-13.744640266519758,-5.048543810078685,KIRC
sample_102,-18.386133357739936,-7.073138869510554,-13.974152938633145,BRCA
sample_103,51.05235451930563,-10.427782630967004,-5.730622890658573,KIRC
sample_104,0.4825313841817794,17.654831078266135,4.095379148009884,LUAD
sample_105,49.52907639049054,-12.392539515812306,-7.553350674533603,KIRC
sample_106,5.340791856441647,21.408906528214786,4.417700090650073,LUAD
sample_107,2.092182696979567,33.976394381513,21.124418791702013,COAD
sample_108,-3.6599988431439487,17.620002473606508,2.480248107071373,LUAD
sample_109,-0.006048199034338424,10.159322991817426,6.600298656312371,LUAD
sample_110,-19.119051394409855,-18.872219065666847,31.409288208198422,PRAD
sample_111,-17.16526290897505,-10.171135046652374,-17.95783782941765,BRCA
sample_112,-5.556643379632287,10.38748574946987,5.663503819590042,LUAD
sample_113,-15.518881617758485,-22.74384573488626,29.340546213215905,PRAD
sample_114,-18.720482943543995,-1.2925773422817726,-16.871179248334915,BRCA
sample_115,52.860136603554466,-12.702174833474077,-5.099396424450269,KIRC
sample_116,50.71208230890275,-5.688985393055739,-5.552327440573887,KIRC
sample_117,48.5770468144566,-14.2225585830192,-6.341830011918524,KIRC
sample_118,-12.30282782747299,1.550273107718204,-26.220612281987236,BRCA
sample_119,-17.290562829947145,-2.0943644136221176,-15.161492785887408,BRCA
sample_120,7.94228691069542,19.265751485758482,4.719883856167311,LUAD
sample_121,48.89765585175209,-3.901728703443062,-6.781644325230357,KIRC
sample_122,-4.200262212252455,16.705785405837403,6.803291898990163,LUAD
sample_123,-19.098755714693652,2.7903410931491544,-22.46884142543557,BRCA
sample_124,-17.167572116279388,-26.33420630853969,26.273311258196543,PRAD
sample_125,-12.270068018844539,-29.257715411318653,23.657741147467405,PRAD
sample_126,-17.936097146475745,-25.2652967078073,31.433879591130403,PRAD
sample_127,-16.676521905085078,-7.80836449109208,-22.862674501414045,BRCA
sample_128,50.00000814073443,-14.85528323693545,-2.319206909334754,KIRC
sample_129,-9.098944386524265,17.926276437435323,-1.2110090711347192,LUAD
sample_130,1.9786102731246076,40.01053729516037,17.90737594055073,COAD
sample_131,-11.691311850862823,6.331762685366834,-4.721206563559347,BRCA
sample_132,7.1298694814689405,54.45974280707392,27.947524491707874,COAD
sample_133,-13.149420184623946,6.91174066599977,-15.367029943381267,BRCA
sample_134,-18.242259431545026,5.0837117131148535,-21.8327228903299,BRCA
sample_135,50.77556017804731,-4.569128548712935,-9.787233919515403,KIRC
sample_136,6.365685830664472,4.24000548998616,4.686556018235459,LUAD
sample_137,-17.543348619832955,-1.0076295173111893,-12.942399866556096,BRCA
sample_138,33.87829668832434,-10.111995247934322,-5.277922064512793,KIRC
sample_139,5.991904691350923,46.9057712424256,17.757401099594876,COAD
sample_140,-18.431797647608487,-5.78524723409238,-19.727050165657843,BRCA
sample_141,-19.20864731075064,-27.716447546493686,31.13211583097952,PRAD
sample_142,-16.625231835398978,-11.598717714272222,-21.566372244247184,BRCA
sample_143,37.71751826217788,6.886710260515241,-6.8251194548892675,KIRC
sample_144,-1.6084376315841016,5.913837024800103,1.260832218931901,LUAD
sample_145,1.8386427508270067,47.01211268422368,27.773189672667424,COAD
sample_146,-8.954295042218876,-27.064972689246424,22.01063732732354,PRAD
sample_147,-15.295264273057528,-6.138407507483174,-16.94177511133459,BRCA
sample_148,4.481066026982777,14.978831652461386,11.964623939255405,LUAD
sample_149,5.2867388715279695,21.090787360837787,7.541788677383887,LUAD
sample_150,2.3819759369147175,13.899209767779954,2.0532473528176447,LUAD
sample_151,1.5840399747003922,20.21490988508089,10.434604166362412,LUAD
sample_152,-23.128581756317487,6.275080612144788,-22.585820983197753,BRCA
sample_153,-17.313475973607144,-0.51814220914399,-25.49482805057867,BRCA
sample_154,4.023170146082701,10.24334905332464,-1.864346809029045,LUAD
sample_155,-18.69170878323911,-6.498228604586157,-16.243009954518193,BRCA
sample_156,-15.931930684015144,-2.5619618809654425,-20.80099375585727,BRCA
sample_157,-9.90624929011404,-18.43120771395266,18.677462740629572,PRAD
sample_158,-15.913329777459918,-24.42591882376406,27.402061662933196,PRAD
sample_159,3.4469967825823233,5.649206515689624,7.247515129507259,LUAD
sample_160,-15.986303763996723,-25.80426598348358,28.643601161533077,PRAD
sample_161,-1.686896238844744,7.739161711090543,6.791379110608138,LUAD
sample_162,46.73686171778302,-11.919342489846445,-10.587366394943976,KIRC
sample_163,-16.821968558950786,-10.528347621569711,-14.0940954443432,BRCA
sample_164,-13.987313435743465,-25.427453069578597,21.801033802832013,PRAD
sample_165,-2.0212857086232807,11.612433619463285,4.404725959561937,LUAD
sample_166,1.0916429245777095,47.04247372999288,17.160649054147548,COAD
sample_167,46.48306656015953,-14.614746611036718,-6.489354396522895,KIRC
sample_168,5.412921500830626,18.214607466449696,5.474163598034817,LUAD
sample_169,-16.36071437629615,-10.808194634036074,-22.74998970832245,BRCA
sample_170,42.42187722169529,-15.494082833809722,-3.18377521955525,KIRC
sample_171,1.273801076942521,7.325048614700985,4.958814657627176,LUAD
sample_172,-17.520184774234934,5.607141078276073,-22.870294188514954,BRCA
sample_173,-0.950628465567578,19.95227842594544,10.095420204868324,LUAD
sample_174,-17.86710642086323,-9.215838320939543,-20.10010546101499,BRCA
sample_175,-17.47975585600853,-2.461336483009,-13.953509368217091,BRCA
sample_176,-17.10634212890532,-7.468419891860283,-16.214673902782586,BRCA
sample_177,-14.343022550510742,-22.3338843372901,21.339101879561994,PRAD
sample_178,-19.45520578182736,-6.1542173426783755,-21.32336050491937,BRCA
sample_179,44.889555292555265,-17.366801959916394,-3.77860346592146,KIRC
sample_180,0.8842461785589664,47.14249170110465,22.615914378385114,COAD
sample_181,34.67563084925224,-12.805394118487971,-6.953457279770706,KIRC
sample_182,-14.57274550198079,-3.408696227873745,-20.44500782121967,BRCA
sample_183,-12.809600336014329,-29.26007800792221,24.674427544296247,PRAD
sample_184,-20.74792595976638,-19.075216282884902,29.449814728831665,PRAD
sample_185,-9.748042174326384,-24.618251234846095,27.503155571551456,PRAD
sample_186,-0.6496492057412322,17.991065876470294,6.380367926327526,LUAD
sample_187,2.9602022874825615,12.458861675680723,4.672680304324056,LUAD
sample_188,-13.658668017566818,-3.0428626789744264,-17.116903124692083,BRCA
sample_189,4.235966705026232,23.347020854693245,15.835448085774967,LUAD
sample_190,5.109343101176581,1.2299773252746482,14.436664180388075,LUAD
sample_191,44.08123270917945,-9.205566991492194,-6.0821401618948405,KIRC
sample_192,0.9093824589195778,22.02951371447325,11.618424296898118,LUAD
sample_193,-15.857290066823587,-18.648724160646328,27.869204303619988,PRAD
sample_194,1.2965150393024167,6.079395199650879,9.81763128696095,LUAD
sample_195,-10.976884077830993,-16.699024010641867,-15.40238708791452,BRCA
sample_196,-15.294005146924631,5.769629502435952,-13.91376271787878,BRCA
sample_197,-16.769784765658553,-0.11398025390058335,-22.699356816407704,BRCA
sample_198,1.0627458100384077,23.3384606381222,0.07993062244872301,LUAD
sample_199,0.38332746732308376,13.747762146503284,0.8246444664621033,LUAD
sample_200,-9.197615794779344,-10.132053431959132,-22.4868608962985,BRCA
sample_201,50.62976071856613,-6.9706459750308785,-8.45035503709998,KIRC
sample_202,50.21879585696826,-11.77869737688513,-7.434588867876075,KIRC
sample_203,39.01082770016106,-4.511396645860377,-7.435750149319375,KIRC
sample_204,50.92785792786495,-8.685386588440096,-4.571017791065217,KIRC
sample_205,-17.852646598812896,-22.12667514015704,24.759656803715952,PRAD
sample_206,-17.39081688588891,14.69521352010063,-7.014217193069686,BRCA
sample_207,-21.951109885068938,-15.259703370151582,24.23998430527555,PRAD
sample_208,-11.770643975141942,0.5407464771157988,-10.742481860296193,BRCA
sample_209,3.527649674245192,13.357216413264432,5.198081978149493,LUAD
sample_210,-0.3572020380271698,8.402691728233906,2.799706664911869,LUAD
sample_211,-13.829599764623108,2.8644209330553476,-16.700600469815864,BRCA
sample_212,-11.25559192747967,-23.936785463164917,24.23504427779589,PRAD
sample_213,-18.839841974736586,4.564161741461567,-23.771616321339547,BRCA
sample_214,-13.665587026751579,-29.31799450332276,26.667306158086088,PRAD
sample_215,-15.274497397438866,-10.292998437207087,-17.19447033503198,BRCA
sample_216,-17.34299806809706,4.648482539383889,-22.900907441108718,BRCA
sample_217,-11.96001376964304,-4.360536230471734,-19.51090025083055,BRCA
sample_218,3.5342153171254305,8.091102451132594,6.5857080327738995,LUAD
sample_219,-15.190936505498172,-2.5347755655252513,-21.729980465427566,BRCA
sample_220,46.63455347576522,-9.203441290679455,-7.654057758795864,KIRC
sample_221,0.12191397888550681,7.6662187730047915,6.349639281941103,LUAD
sample_222,50.80674689869335,-13.495116601573521,-4.714391854766759,KIRC
sample_223,52.50953416571457,-8.58694181866281,-7.563961987427335,KIRC
sample_224,4.331877463164448,14.325490129234936,2.0913743242854275,LUAD
sample_225,-9.126669267894986,-14.680608942372125,-20.56154363295811,BRCA
sample_226,48.99102017433488,-9.338185258210025,-9.272333133675653,KIRC
sample_227,-17.601955520125504,-24.417532000107432,31.30302145412436,PRAD
sample_228,-13.304237526811756,-9.663629903274218,-18.524769399127123,BRCA
sample_229,0.6446955329869686,17.416954350076484,3.2869775971762087,LUAD
sample_230,4.245258865774827,19.094581393789184,13.778245936446856,LUAD
sample_231,-11.869087857386646,-17.831033166863353,18.805144607171925,PRAD
sample_232,-0.05577395645956613,49.26964837980906,20.308601463372177,COAD
sample_233,-19.578820535315916,5.016764832850317,-20.06376989127749,BRCA
sample_234,51.32540961015834,-12.910761602611885,-5.237419226429233,KIRC
sample_235,-12.442928550596886,-29.616021369090763,24.760084904508037,PRAD
sample_236,38.10896095464162,-11.76717600213337,-3.108296359611599,KIRC
sample_237,6.740386907857122,34.25368295350636,23.748928134810534,COAD
sample_238,-14.42255803841154,-3.2718992425962705,-9.179076560599201,BRCA
sample_239,47.92287655914088,-14.142349764246358,-2.2397801690400887,KIRC
sample_240,47.409462301072345,-11.126295740666876,-3.1036448281357947,KIRC
sample_241,-2.5876091628148847,17.588706654218743,0.8353997050160265,LUAD
sample_242,-20.436799164348,-23.569236851774566,32.62335907421596,PRAD
sample_243,-7.546971317233212,-17.00558445243715,12.67173185664673,PRAD
sample_244,5.914181556676313,2.9133532604917405,8.713291966586413,LUAD
sample_245,0.9071971003844534,13.843810975803489,11.67589015867253,LUAD
sample_246,50.0349119469096,-14.2589875447796,-3.6586898633955136,KIRC
sample_247,-13.235787964239671,-8.332324407978977,-18.065987756115327,BRCA
sample_248,-6.955935361874655,6.076786444529905,-12.13052824234401,BRCA
sample_249,2.0277190452556932,35.72984042930329,16.81462446650569,COAD
sample_250,-10.209678955764236,10.996427142244938,-7.419492824702943,BRCA
sample_251,-16.34410271269102,-27.19183901515259,30.896558990982914,PRAD
sample_252,1.8062194223532841,9.200147740441514,16.40143421706413,COAD
sample_253,-17.175149986412027,-10.218512706700652,-16.236914858174476,BRCA
sample_254,-17.941800957823208,-22.315488116141236,27.63536762096405,PRAD
sample_255,50.3867905232962,-9.548924145086536,-8.418976639009713,KIRC
sample_256,-11.841053029645243,-22.417615425068156,25.02855617366259,PRAD
sample_257,-17.390148420774885,-25.474628055801062,27.71815054783651,PRAD
sample_258,-16.888915035773824,-26.629133161234893,29.815554998118635,PRAD
sample_259,-15.796905604991531,-6.005408665421713,-22.247687283735075,BRCA
sample_260,6.035349580460517,27.92408919635473,19.002102318219332,COAD
sample_261,-0.8337921418342746,32.21728143864015,19.46925457260427,COAD
sample_262,0.9174011572511017,14.711541886878443,-0.6452090358144446,LUAD
sample_263,2.3679293226725244,33.496670300933395,10.986022990023807,COAD
sample_264,3.6785546792481885,34.12959660658702,17.83240154163602,COAD
sample_265,-18.70930998350619,-21.904820708764653,31.48380572248593,PRAD
sample_266,-1.3468289080149556,2.737476478228553,10.904929377654305,LUAD
sample_267,-15.324965790882514,23.402802317037654,-8.519821590959817,BRCA
sample_268,-11.925625896293226,-2.4685662342022,-13.375139333972093,BRCA
sample_269,38.39064870115424,-11.07284040046425,-6.6694663497444395,KIRC
sample_270,44.82370409463524,-11.956156659857527,-6.238737078462634,KIRC
sample_271,-17.534426916938003,5.458372988944752,-19.39945181472928,BRCA
sample_272,2.753832889723868,47.686626890459195,24.74026257294952,COAD
sample_273,-15.61586993043115,-19.57847105241942,31.839716521725904,PRAD
sample_274,48.11272166347399,-11.425694418203271,-5.198708226663078,KIRC
sample_275,-14.961157728501808,-24.149109640370664,28.097111831654566,PRAD
sample_276,-15.864088479439722,-5.006494139895264,-19.595313802779177,BRCA
sample_277,-19.116506470762328,6.451209201211911,-17.378938006262874,BRCA
sample_278,43.830989933461126,-13.222391263352103,-5.415367938249504,KIRC
sample_279,-14.781422652541062,-0.31905145324589873,-23.700582258944966,BRCA
sample_280,-9.374109586517244,4.535094001183735,-9.922934496665063,BRCA
sample_281,-12.680527113273468,5.326644773619015,-12.073979452907615,BRCA
sample_282,-22.418713186720993,1.9873617592483817,-13.647639135829436,BRCA
sample_283,-1.3800634971212908,9.483972836120255,9.40916391569118,LUAD
sample_284,2.562217180297565,21.843573606237968,4.748754110719881,LUAD
sample_285,-17.02728577983381,-7.981515987583216,-17.271399100225555,BRCA
sample_286,-18.171133687768315,-11.436831694607328,-18.61182829491116,BRCA
sample_287,-15.903236741947607,-3.4320317075941236,-20.14142052396751,BRCA
sample_288,34.24166729284133,-12.543973225360334,0.1150673296734672,KIRC
sample_289,42.583063399330136,-14.042828304316815,-6.74216867133721,KIRC
sample_290,44.870458301293084,-8.94132416970948,-5.4616941289561565,KIRC
sample_291,46.83295726471488,-10.587230788088474,-7.67074632012082,KIRC
sample_292,-15.493054901309987,-2.338746122938248,-16.873241670918414,BRCA
sample_293,-8.724360163612117,2.647979034945908,-18.012463132398437,BRCA
sample_294,-18.21171075248293,1.6450967267212975,-16.51325860665593,BRCA
sample_295,41.854714284465736,-14.26938950407641,-6.081363316351379,KIRC
sample_296,-18.856255780240147,-9.976166087853283,-22.650719309237044,BRCA
sample_297,-18.25907947246254,-12.562397762378998,-16.2783385716422,BRCA
sample_298,1.8231352277027095,21.4957413173515,4.328221518756037,LUAD
sample_299,-13.15266889889916,-22.228211698330828,28.337082918365446,PRAD
sample_300,-17.935089598987442,-12.359422433669003,-12.045770893054204,BRCA
sample_301,-18.871596452009285,-12.626257729920969,-20.336828314325537,BRCA
sample_302,-1.742080436145238,40.22204276309589,21.98369682020642,COAD
sample_303,-0.2132035547269504,19.730310469710332,4.086213482489385,LUAD
sample_304,-13.585699590822047,-24.626519831949818,27.349570689576524,PRAD
sample_305,-19.022531510578784,-3.9523444992589627,-23.62220239138763,BRCA
sample_306,-16.48173617684545,-5.891005233751254,-20.493182797499983,BRCA
sample_307,-12.179651924161695,-4.175751655263341,-13.958414514880884,BRCA
sample_308,1.1719955784764124,53.40739218228864,21.552017637114556,COAD
sample_309,-13.508559625413605,-8.343569030064014,-16.8669919681092,BRCA
sample_310,-13.73241280950622,-27.552926973380554,27.620867528960417,PRAD
sample_311,-12.67021079025977,-10.434486762010796,-17.658235323204202,BRCA
sample_312,5.069887668931482,41.34869041606917,13.229772791362542,COAD
sample_313,1.0154104128645656,24.914608379311126,16.092988593220166,LUAD
sample_314,2.775765012994922,21.408671628390717,-0.5648472426049377,LUAD
sample_315,-18.953982751914367,-23.470595498980035,28.25505413005461,PRAD
sample_316,49.03297406006237,-14.744127337650507,-6.4229845561943435,KIRC
sample_317,-17.102043256505358,-6.893642866478427,-16.56139993729759,BRCA
sample_318,41.92414542276783,-18.35435453090086,-3.848846490307518,KIRC
sample_319,48.111243408423185,-12.264925495913868,-7.406243532987787,KIRC
sample_320,-0.3156223608985414,7.318430786798837,2.4310280787787755,LUAD
sample_321,6.010187349748462,27.00299592211264,18.616179211272758,COAD
sample_322,21.632568903500918,-5.833404705171841,-6.755104373326168,KIRC
sample_323,-17.295701412160003,-9.01438078888287,-24.11665679138599,BRCA
sample_324,-20.408055174972294,-3.551079634965725,-25.135578491428262,BRCA
sample_325,-11.48131124859527,13.04197004303853,-13.701661213720207,BRCA
sample_326,0.36858519282568447,0.07418313242166454,-13.565939613839452,BRCA
sample_327,45.38857260168695,-10.922988280469571,-7.893857773542572,KIRC
sample_328,-15.560171489535568,-0.33942908920926496,-18.592717809750358,BRCA
sample_329,-19.0525910107494,-6.471691305339158,-24.769299979953953,BRCA
sample_330,-19.1389827039035,-24.664649802724604,30.483443472807892,PRAD
sample_331,-9.414879955063592,13.967079606457334,-11.962246491175973,BRCA
sample_332,46.93565924398343,-13.36185029514961,-7.073403951897256,KIRC
sample_333,-17.400276778636556,-1.0326437944205922,-20.695955569542182,BRCA
sample_334,3.750779822437582,6.654104443636663,1.9717243519043623,LUAD
sample_335,-10.41991614244757,-21.117440984330834,26.222918047400057,PRAD
sample_336,38.65973789910715,-10.918778811307094,-2.427317245901865,KIRC
sample_337,-14.777651286847183,4.217228023332011,-23.561020771649105,BRCA
sample_338,-15.868545263802194,-4.192418793820156,19.252157605384248,PRAD
sample_339,6.086061903524857,38.54345372649865,19.782372667149996,COAD
sample_340,-12.444121796896873,-10.050875027785576,-16.666916710728486,BRCA
sample_341,-12.150115418487177,-7.687550408032334,-16.728447690603144,BRCA
sample_342,-19.18561362689805,0.9498661676959044,-19.12384857424726,BRCA
sample_343,-0.6287690595820625,21.263214939859157,-3.0468696954934074,LUAD
sample_344,2.73077876938713,26.74645454357556,3.6939076189865214,LUAD
sample_345,1.182101724234162,10.837975783644506,5.402832334663621,LUAD
sample_346,-15.258293658107466,1.440940037899232,-18.773533864379527,BRCA
sample_347,-14.916446024441063,1.2555527485267044,-22.20616376283345,BRCA
sample_348,-15.4303321994459,-30.737483678527806,25.845484864755264,PRAD
sample_349,1.1402741748168894,13.40251716364838,5.02586013577683,LUAD
sample_350,-19.184382140665623,-8.292903004804803,-23.484485604805045,BRCA
sample_351,48.79960677448507,-7.521752145371484,-6.932140318853414,KIRC
sample_352,-14.687103049153135,-1.0455533702319022,-22.731560259915867,BRCA
sample_353,6.438976270413524,40.034020586231094,26.63784450604762,COAD
sample_354,4.707546935950849,19.74958294703912,19.98312736926295,COAD
sample_355,0.500535468905056,14.419698601984257,6.257914009938826,LUAD
sample_356,-19.294866031728628,-0.5599166062243437,-23.939859895125526,BRCA
sample_357,52.38808429468232,-12.654521110169593,-4.287633146166186,KIRC
sample_358,-13.406981070957512,-2.6549561661089323,-21.55508331866066,BRCA
sample_359,-17.967807898533334,4.249474919923628,-21.63254067241119,BRCA
sample_360,-12.956268909535993,4.096871991321895,-14.21789810115877,BRCA
sample_361,2.2520549585498766,43.09522090559842,21.140525880471145,COAD
sample_362,3.1068867574459276,16.053227610523994,9.583451147471763,LUAD
sample_363,4.0745232994164455,31.69561131198614,22.75680474395842,COAD
sample_364,29.63889490390097,-6.096066247708946,2.337825116630017,KIRC
sample_365,-14.741928954565902,-27.937860495945902,30.584451638058603,PRAD
sample_366,40.55904762211235,-17.142675546420637,-1.2684336832796368,KIRC
sample_367,-10.244473115718888,0.9828006260142191,-16.669595274037537,BRCA
sample_368,-12.653051869092554,-8.616692949922403,-20.52207495980523,BRCA
sample_369,51.35977928173081,-10.605965949490782,-4.124700448383001,KIRC
sample_370,-7.696449342751885,-2.0275726401447507,-9.624154916102217,BRCA
sample_371,1.8274656369779612,49.442420296237614,23.983602704232112,COAD
sample_372,-18.11164637970036,-24.996590156691003,29.361732186798502,PRAD
sample_373,1.419762444791773,20.01641069811389,7.920141592845134,LUAD
sample_374,-18.372545574856197,-24.39512558014514,28.392374194586086,PRAD
sample_375,-17.447180446592395,0.09535685292324794,-14.12644262601194,BRCA
sample_376,44.16845568340754,-12.349845154695533,-3.167189154821135,KIRC
sample_377,-16.331881340217063,-20.956594421035884,23.355380664316463,PRAD
sample_378,-15.314697844877568,-2.4270212015631114,-15.688282276951048,BRCA
sample_379,6.007440497781984,46.42166423482133,17.567596893291853,COAD
sample_380,44.72150349172293,-6.564200842733597,-8.454088118696497,KIRC
sample_381,46.90044341841418,-12.361031461273617,-5.5308194193318965,KIRC
sample_382,6.285011050044196,44.7230570297715,24.5797033524143,COAD
sample_383,2.208432183227393,41.72114080662032,25.667418339744124,COAD
sample_384,-17.3070872967468,-22.852774948251923,24.147525294404947,PRAD
sample_385,-17.410962915572487,-0.9998507841916044,-21.827475391572595,BRCA
sample_386,-18.559630877293024,3.8703092934123053,-14.058466959173169,BRCA
sample_387,0.030011488293488552,20.62170389554092,24.64925147683212,COAD
sample_388,49.25154799675256,-7.541210642625787,-4.204208934441163,KIRC
sample_389,-8.287137572315977,6.505818931192621,2.9444007916611836,BRCA
sample_390,-14.30976365949617,-27.789540841732077,30.349235215619842,PRAD
sample_391,-13.252490629211257,12.677789012999515,-9.86409767966507,BRCA
sample_392,-13.861877798868246,2.2948169967210665,-21.461379967244834,BRCA
sample_393,-14.609336338043803,-2.818749889530571,-21.128022784825983,BRCA
sample_394,6.63814499609855,1.5619723200292102,7.294537354579922,LUAD
sample_395,0.17624180035329948,12.966575990684158,5.258822927780988,LUAD
sample_396,52.692248483943786,-4.1944926972687435,-12.793295790316346,KIRC
sample_397,3.9725959238433837,11.777130629405251,4.113516503288836,LUAD
sample_398,-6.514530677693934,7.027112052275955,-14.179757975121039,BRCA
sample_399,47.82367899974296,-7.630283801785231,-3.279900625161636,KIRC
sample_400,8.501722766908962,41.51715774280929,18.487659625875743,COAD
sample_401,-11.734968001275078,-11.271544815866093,15.915532498145312,PRAD
sample_402,-18.63373667166651,0.7487501872939669,-18.755939448342417,BRCA
sample_403,3.9005493053105864,20.26561389427906,11.088882215349694,LUAD
sample_404,-15.304182539147224,-26.50816762783943,28.80443951263712,PRAD
sample_405,-20.723117439847794,-8.767426002492368,-17.816357636137795,BRCA
sample_406,-12.096067138083523,14.892851784562865,-7.444594260249072,BRCA
sample_407,-21.357961129338488,-9.47075054386794,-18.77972742653332,BRCA
sample_408,-0.9212676296089636,15.361501005729073,8.867002766956428,LUAD
sample_409,-15.053807583946265,-3.7047335938926254,-27.232954084839008,BRCA
sample_410,-14.525689383375106,19.040238639299123,-8.366827481920653,BRCA
sample_411,-10.630770011089124,-21.411063896794953,23.361798468950557,PRAD
sample_412,-15.211894678483262,3.1048664513691664,-18.49847954988097,BRCA
sample_413,-19.207823706475985,-27.854446568451948,30.547888236315902,PRAD
sample_414,7.279530046320381,37.36239894441783,23.42501789700348,COAD
sample_415,-17.516264999473712,-0.812875188990947,-21.45461392191318,BRCA
sample_416,-4.044985190824627,21.383957922064717,3.0040120073277286,LUAD
sample_417,-18.36149722967312,14.962288497546462,-18.519077188167934,BRCA
sample_418,-11.871924547970503,16.33182803748205,-14.055398108263038,BRCA
sample_419,0.35841209852454653,8.959507943867532,7.764061566669726,LUAD
sample_420,-18.388953867199902,1.2716139998298324,-25.14232208425508,BRCA
sample_421,-12.957853244874949,-2.2053333248604305,-20.921313219932035,BRCA
sample_422,-17.310681675849054,-11.440655911097737,-23.26046656172342,BRCA
sample_423,36.363577007850544,-12.568634717064961,0.8367733793176045,KIRC
sample_424,1.1461500801346847,7.509326198566775,12.125394221414298,LUAD
sample_425,-17.20719698069895,-27.288540002421197,30.327687610563217,PRAD
sample_426,-17.178062967005697,-1.0975265944189323,-12.980178379150214,BRCA
sample_427,-14.990568841709065,-23.91640448440512,23.87473038207704,PRAD
sample_428,44.77623978178942,-9.960667974204906,-4.567281833508757,KIRC
sample_429,-18.890972771512256,-6.728511191784962,-15.261556848703076,BRCA
sample_430,50.918106627595385,-11.298150943339472,-9.623850516772226,KIRC
sample_431,1.2235326389231072,41.48536495801905,20.145607513077973,COAD
sample_432,-16.172010206699355,6.208779768480628,-23.609632113936755,BRCA
sample_433,-18.743210669721144,-22.51062418086121,31.74406363498904,PRAD
sample_434,-3.0894837752784428,14.180722147481129,-0.054420664155895845,LUAD
sample_435,38.39670306001103,-14.853788028237595,-0.7605987744100527,KIRC
sample_436,-18.99490277187727,2.183433768846017,-20.251767811986166,BRCA
sample_437,-12.633143063631536,4.341141896215748,-22.21211902374096,BRCA
sample_438,36.41613208356688,-9.082684237476302,1.0449139629142639,KIRC
sample_439,-12.810992039229841,-0.4249968798275106,-13.826115727564984,BRCA
sample_440,-1.2604997331986132,9.563982034414732,2.0882298519670837,LUAD
sample_441,-11.251631989137136,7.166445811543739,-6.425661436881,BRCA
sample_442,-11.07151177980984,6.076226625980371,-14.514237676591792,BRCA
sample_443,-16.69665180992588,-21.346307943275942,24.289308198486715,PRAD
sample_444,-2.7968706011906312,46.41089694354001,19.56573921581295,COAD
sample_445,-19.820308456437886,-0.7799701513961014,-19.59435060290817,BRCA
sample_446,23.79165754466436,-7.547645680371616,-3.287696081362484,KIRC
sample_447,-0.17896841194715873,9.260189447565915,3.543553239519942,LUAD
sample_448,-16.998003750412103,-19.867530534075634,30.172960182756498,PRAD
sample_449,-17.289275353085806,9.405823518614755,-13.536515496256092,BRCA
sample_450,-17.99487427318995,-11.816135316747546,24.652814970841526,PRAD
sample_451,-16.448690656086157,-6.898769646657015,-19.47121077254237,BRCA
sample_452,-17.821948489643027,-10.083812593536395,-19.776079460231227,BRCA
sample_453,-6.928791497906881,2.2788510111074367,-14.496432410431028,BRCA
sample_454,-16.621764504629606,0.2555714980240462,-23.04137815845941,BRCA
sample_455,38.22852699929025,-10.439349604263459,-5.583833018260033,KIRC
sample_456,2.2106454009943306,0.9692349849135884,3.2633879667404306,LUAD
sample_457,-15.141597440855545,-9.420041957687006,-19.98149904367348,BRCA
sample_458,48.39173532222889,-11.202893010501166,-3.134838615892441,KIRC
sample_459,-18.158151882399302,-6.52724038443385,-19.565678541220652,BRCA
sample_460,-15.12340890163464,-1.1236685542889824,-23.156469605328844,BRCA
sample_461,-2.0861512373927757,22.25452358444877,1.6176291265318419,LUAD
sample_462,0.6885669540582809,7.071347993458799,5.2881827460983155,LUAD
sample_463,38.87079051940997,-3.800075829954042,-7.92621134334528,KIRC
sample_464,5.640770122321277,28.963405089987464,18.55553868338674,COAD
sample_465,-16.83295485552608,-26.393310849881814,26.749491229707715,PRAD
sample_466,2.7712200968469074,43.246744870770215,22.032721944856434,COAD
sample_467,-17.972560572861056,-5.5852385582593245,-22.122579641153113,BRCA
sample_468,51.954880128633924,-9.965004944518546,-8.217526711962973,KIRC
sample_469,40.33378005793873,-18.670903671116957,-1.8242432926156456,KIRC
sample_470,-11.100502588965304,-1.2492139597840062,-16.770812284365604,BRCA
sample_471,-12.812213867770101,-28.987359905330656,27.024523778378878,PRAD
sample_472,49.15141744402686,-12.439459798799003,-8.234879717285658,KIRC
sample_473,4.397652091606868,18.568452103331797,19.565272750320798,COAD
sample_474,6.8351991285377744,9.05946184070453,14.22698926584343,LUAD
sample_475,1.841629389924128,10.794426129773685,9.614882467424927,LUAD
sample_476,-19.245286320577723,6.024195824591772,-13.959266494011027,BRCA
sample_477,-17.949487415716288,-28.958883627087207,31.604518757394356,PRAD
sample_478,-15.809253591619596,-20.55197337729295,29.179897320743336,PRAD
sample_479,-10.737345317584358,2.3583287471792245,-7.691360727953165,BRCA
sample_480,-17.684091811622565,-20.16119271954192,24.485437359517228,PRAD
sample_481,4.884534493111343,15.299036953320437,6.893946428895379,LUAD
sample_482,42.77233208979038,-10.60284401179801,-2.1427753175775512,KIRC
sample_483,-15.156294285339726,-20.713766253158543,20.823310379695307,PRAD
sample_484,-17.573114196930288,-4.201518132438078,-16.19538953543768,BRCA
sample_485,-2.1780475361994425,18.395677628763906,4.801045594181232,LUAD
sample_486,-14.376643345078655,-20.466908990747974,24.638032970169217,PRAD
sample_487,-6.4945378282130735,16.980335732220322,8.948300757202372,LUAD
sample_488,-13.713025696058722,-7.589937886436882,-20.586094443698546,BRCA
sample_489,-14.75898041262211,-0.7664820470992452,-13.100283184925798,BRCA
sample_490,7.266623784626286,44.42221839561587,22.647575509184296,COAD
sample_491,1.2218723004632694,17.798676604835705,2.5753100449695974,LUAD
sample_492,47.77750238307358,-12.62264458870852,-9.113070941324764,KIRC
sample_493,6.507736891587859,42.16229789675256,15.844781382901452,COAD
sample_494,0.5092141775102014,16.239578479339272,8.2319307910391,LUAD
sample_495,-19.73015780407016,-3.742554285825736,-19.24901021494886,BRCA
sample_496,-18.68681127954412,-24.636191273082506,28.139483716296123,PRAD
sample_497,-2.1056217872437033,-2.2843085605694147,-9.382986113561808,BRCA
sample_498,-9.612396922682212,-9.434082723555251,-16.13893367478866,BRCA
sample_499,-16.065946108636748,-26.11631659602027,27.622603662516134,PRAD
sample_500,-21.198852724426807,-8.298950597108869,-21.53507459379448,BRCA
sample_501,1.2466632465631002,38.18417514855383,22.332632187703744,COAD
sample_502,-17.11593542924361,-5.7927096250465135,-17.57759332139862,BRCA
sample_503,3.4147044551224233,53.21965025225982,17.87854709170932,COAD
sample_504,48.372285808134166,-9.614731439043494,-5.070185710794147,KIRC
sample_505,-20.612107002578902,0.05047276292989434,-25.7948883721843,BRCA
sample_506,-19.065473892921645,-4.133265552491568,-19.97605046339634,BRCA
sample_507,-6.172506642676646,24.388781825755466,2.5404306640709455,LUAD
sample_508,-1.455646294988636,19.378543746346658,9.088607915789083,LUAD
sample_509,1.3356202802618127,9.91557842553213,3.0413189654387245,LUAD
sample_510,3.1700128567310526,28.864587266431844,9.035985281469229,COAD
sample_511,39.994147335814255,-12.307616897861637,-5.035157029407346,KIRC
sample_512,0.16087159145142244,14.48940730742379,7.17960853020386,LUAD
sample_513,0.28022259950117295,11.891474288434228,8.135959176055211,LUAD
sample_514,-16.37995631401046,-6.667799078082417,-23.66475276911887,BRCA
sample_515,-16.760631703483913,-5.572101936844029,-23.95639114363643,BRCA
sample_516,20.728688365825224,-13.99648036581692,1.630664330457955,KIRC
sample_517,-15.833654507550877,-29.300223995296435,27.540695542622878,PRAD
sample_518,-3.5799306591119673,16.582019052541867,5.242401698638241,LUAD
sample_519,-15.472794344997693,-26.702862630262135,28.216251442189574,PRAD
sample_520,-17.854759887934378,-6.558668002166318,-16.802098362583642,BRCA
sample_521,52.94675015404132,-11.616056811863439,-9.416301315557803,KIRC
sample_522,-20.821129664030682,11.227852649315453,-17.62961387753717,BRCA
sample_523,30.012894582332823,-10.092788536999807,-1.371592484868816,KIRC
sample_524,36.85228927763817,-15.483485613026236,-3.8204656721658155,KIRC
sample_525,-14.009260732076687,-19.26159644857572,20.505898423138696,PRAD
sample_526,-13.386176109608193,-20.441277728712635,28.51626816111655,PRAD
sample_527,1.0559449059561112,10.651195952120371,6.316365528862493,LUAD
sample_528,-10.264491806786287,-3.558687266625651,-17.680965092890844,BRCA
sample_529,35.4890418289124,-7.4998713075241215,0.2877976040144165,KIRC
sample_530,1.4419352990076797,41.66455861233897,27.993827349843105,COAD
sample_531,7.026081117689797,36.90029038464284,20.51430253118683,COAD
sample_532,-13.579709774486801,10.465308724189525,-20.384407348743437,BRCA
sample_533,49.93305547573279,-11.229564573377626,-8.402625283422706,KIRC
sample_534,44.236010280865095,-11.449744481765954,-6.771809160391982,KIRC
sample_535,-13.795911257813094,-12.5109988148118,-21.699383993076744,BRCA
sample_536,-11.611898671656192,-1.1739850769141402,-19.567057798610264,BRCA
sample_537,-13.30550138624878,-21.086035447294126,23.73238294067453,PRAD
sample_538,40.864668254136575,2.8084230212992347,-3.1130689583017097,KIRC
sample_539,3.0856204673990435,31.21893764265007,17.87108781413223,COAD
sample_540,-12.179484185087922,-9.3629021227928,-15.078329681913996,BRCA
sample_541,-11.573172708765846,4.873234353634118,-11.025166683316472,BRCA
sample_542,3.18892250629699,32.23428761221001,19.923070103609735,COAD
sample_543,6.438398312853847,15.642343439308355,6.824295978531124,LUAD
sample_544,-16.471678716138182,-9.037747809976816,-18.989517105834835,BRCA
sample_545,-13.139875510733265,-10.794374142959434,-11.741098117382423,BRCA
sample_546,-15.738548124586163,4.4588213524575355,-26.24586114655017,BRCA
sample_547,52.77274292253287,-10.590258020114986,-9.863519730713984,KIRC
sample_548,-18.506733259607472,-20.17403138951554,27.604337542210605,PRAD
sample_549,-6.624411321468385,10.951382787226311,1.887382591899542,LUAD
sample_550,0.7413079272583594,7.3420567291652645,10.79817712493856,LUAD
sample_551,-18.732500779053638,9.542120159401215,-19.742936704848383,BRCA
sample_552,42.32064016787351,-10.736512158294664,-6.801721202466157,KIRC
sample_553,1.294603760494923,37.85420907643303,20.879738951466116,COAD
sample_554,46.269301104279506,-8.254142739558285,-6.4993883698893375,KIRC
sample_555,51.73839591405538,-12.821727963450781,-6.907091652566102,KIRC
sample_556,-20.515063008444887,-2.651892843762285,-18.991948116851557,BRCA
sample_557,-15.535402267787106,-22.972175331940715,27.689415088356093,PRAD
sample_558,2.220899714882049,23.136218672066025,5.26037134969848,LUAD
sample_559,46.78162099981601,-13.4483642520266,-6.211515095838369,KIRC
sample_560,-19.88032397122855,18.15406621813974,-17.758434538541376,BRCA
sample_561,1.352240469509351,39.08051587414382,19.63171820764519,COAD
sample_562,-1.3593330965991282,15.373259616869376,8.509989358597165,LUAD
sample_563,1.2059676786518714,5.538894316328078,8.48197115074796,LUAD
sample_564,-0.10677822091506667,18.292184828349598,0.6857329951460022,LUAD
sample_565,-16.228479861820727,-28.554246254911604,27.21478561440373,PRAD
sample_566,-2.261462042104808,11.95628432818133,3.98085075899164,LUAD
sample_567,48.916422779219026,-11.576310115645382,-4.394952994494209,KIRC
sample_568,-11.945444824493325,0.4476386029018304,-23.002419338398397,BRCA
sample_569,-12.287087521974769,-12.608466330652158,-17.968661679157613,BRCA
sample_570,2.8428127789282054,39.04604229625475,22.459602648224074,COAD
sample_571,-8.90088010847845,-26.54252003172948,24.545743125748277,PRAD
sample_572,-2.7347509219040176,13.141471049799726,-9.132340302676768,BRCA
sample_573,-14.826156127435631,-14.14157924548005,-17.58461852990198,BRCA
sample_574,-8.916185222696473,15.836130840163781,-13.8175233571789,BRCA
sample_575,43.77307390844694,-14.776515680556118,-7.643423111220979,KIRC
sample_576,3.520374056529667,12.429880953200614,5.07729001499166,LUAD
sample_577,-3.548533023160361,13.568339841913119,2.6148702105824664,LUAD
sample_578,-12.992315529729588,13.719706772636712,-13.958769018397188,BRCA
sample_579,-19.532638868307867,-25.338815968063777,26.424950464204365,PRAD
sample_580,-4.072609489495572,17.38974418166617,3.0708221151985207,LUAD
sample_581,1.3848214549838018,16.087584043985323,4.64733862949909,LUAD
sample_582,-15.817879467418566,2.747107653080384,-23.123057449385495,BRCA
sample_583,50.696579770737394,-12.796625739164224,-8.5881508522135,KIRC
sample_584,-18.85509882497702,-22.264712409940916,30.147823187084825,PRAD
sample_585,3.875659511573728,42.62062612561536,24.121173521328068,COAD
sample_586,6.345606944483666,20.252288516947395,6.580974128646625,LUAD
sample_587,-10.677155262998951,-21.26541710780392,23.914175841218793,PRAD
sample_588,1.6506715231255473,44.667449563830495,15.311503498262056,COAD
sample_589,-1.7863959370073161,-1.4437665484146744,16.330216546558447,LUAD
sample_590,7.543901284867699,40.57543322756221,25.321568021302447,COAD
sample_591,41.25945444404305,-9.311235013872363,-6.9571172867894395,KIRC
sample_592,36.23915315390661,-9.258900983663537,-2.1706390599223924,KIRC
sample_593,-7.275665944667098,20.59255387233148,-12.840570509721884,BRCA
sample_594,-20.163134988388308,2.159423917121044,-23.40839232970337,BRCA
sample_595,47.57506193415944,-11.243482652197919,-6.546095266695067,KIRC
sample_596,41.543151452673904,-5.778335795765259,-6.187159108204133,KIRC
sample_597,3.3451580638324216,29.82749538162152,17.38479535737236,COAD
sample_598,-12.672207359207869,-2.941039218270944,-16.76396838308588,BRCA
sample_599,4.247174205609362,14.949861342015256,-6.475335710138114,LUAD
sample_600,-13.039216520784544,-19.18653663350062,24.175323403194202,PRAD
sample_601,-18.804513999075205,-16.487597000301346,22.748743399515998,PRAD
sample_602,39.49805293564351,-14.699173783816754,-6.733970703650891,KIRC
sample_603,-19.195837290256815,5.394392160357449,-24.27022054450545,BRCA
sample_604,4.218308425250925,13.48087404359421,11.48759087817764,LUAD
sample_605,-3.887427831771158,1.212409962713448,-12.534160840699723,BRCA
sample_606,-9.837472728421718,-9.69757690164826,-17.53185886095688,BRCA
sample_607,2.8929094406049343,40.05391447187693,21.18721902450955,COAD
sample_608,-16.806262168959382,-8.854682587715889,-19.025806832858088,BRCA
sample_609,-21.634830384564864,-24.564072206475775,34.40660197176418,PRAD
sample_610,-16.393330251010433,-27.501962709426206,30.993806678536323,PRAD
sample_611,-2.3581977906789695,6.772843724729083,-13.520692652078761,BRCA
sample_612,-18.216481367526278,-6.078914060626966,-26.56191362247085,BRCA
sample_613,2.0211393716321986,48.27530712820204,20.03219902414737,COAD
sample_614,-16.97697433053968,-0.2340383471331294,-22.326461905334323,BRCA
sample_615,39.645586905771744,-6.707017451883374,-5.061323455253744,KIRC
sample_616,-6.9402015142925375,13.548440746236283,-10.627351956029347,BRCA
sample_617,-10.646765354952347,-1.626703004796938,-11.31538575986452,BRCA
sample_618,4.92697793689458,22.339090666955194,22.632215275689187,COAD
sample_619,-15.477601104790162,-9.944898190308487,-17.582753133186213,BRCA
sample_620,-12.16444214540614,-23.215575449800998,24.84785143860886,PRAD
sample_621,-17.17904474048901,-4.19175223621223,-16.51984724556607,BRCA
sample_622,-7.150230017535041,19.35598216012365,-14.236645479947061,BRCA
sample_623,43.46812918483895,-4.163090138281134,0.5720327184613501,KIRC
sample_624,-17.980884149080065,-22.199089254930055,29.54051129530319,PRAD
sample_625,2.383497752337918,17.78078004943627,12.512957027906468,LUAD
sample_626,-11.620438591546792,-8.510328417443015,-19.805598370932287,BRCA
sample_627,-17.047615754976302,-2.184970382889744,-13.919364296438983,BRCA
sample_628,40.50706382236763,-5.801117884623002,-0.8933009726613326,KIRC
sample_629,-8.867891444064297,12.531554741165236,-11.870164757359303,BRCA
sample_630,-18.149384663960973,-2.800262889150761,-24.530009110298558,BRCA
sample_631,-13.363366788282086,-11.785785334854786,-12.075378427601997,BRCA
sample_632,-14.097639748864967,-16.860946425114303,-13.143771257996688,BRCA
sample_633,-21.59912113647209,17.13752563447419,-16.410118510499093,BRCA
sample_634,5.318661448815456,37.30367887181126,21.539981643429275,COAD
sample_635,4.167030625548412,1.3118162555678947,13.328253531401716,LUAD
sample_636,1.6191375131534431,13.272177479979904,7.103792814851544,LUAD
sample_637,-7.731966979396463,8.20629750534321,-9.499027662898794,BRCA
sample_638,-18.60128809783905,-2.524113696438427,-20.02442221419526,BRCA
sample_639,-12.342896773967599,14.811128670955458,-16.393912888595317,BRCA
sample_640,-14.103474383907846,-29.12192589689023,31.267599550262762,PRAD
sample_641,-13.180903470151266,5.938749523924935,-6.470759268972746,BRCA
sample_642,-16.793686422072856,-0.9434647054423464,-14.364581456821114,BRCA
sample_643,49.734933695104885,-12.118583408436177,-9.451932884305217,KIRC
sample_644,1.9491234298948839,11.006742968229743,12.014277993503937,LUAD
sample_645,1.3441236183036704,4.020283205945089,7.222491922576619,LUAD
sample_646,41.9350180846178,-13.424498546430332,-6.658928571617318,KIRC
sample_647,53.01496670926915,-8.406138566223877,-8.538188760181267,KIRC
sample_648,2.927427055541214,12.845110977647982,3.169319558683173,LUAD
sample_649,36.29168140771687,-5.069176424985114,-2.0514014456810434,KIRC
sample_650,4.985875782896376,45.15675721503468,26.282776135359043,COAD
sample_651,-16.69438640872053,-14.99765991980521,-16.0122615082038,BRCA
sample_652,3.543051814462339,46.69155069302118,18.496935174194356,COAD
sample_653,46.38237049250996,-19.954672113847295,-5.366716974500894,KIRC
sample_654,-20.020531794896023,-2.1259918267382307,-26.768067687204162,BRCA
sample_655,-18.836650508184167,-2.4985712100992608,-23.141150596304307,BRCA
sample_656,-15.018023349342753,-26.074049176501106,28.09113890673927,PRAD
sample_657,-16.507016730250214,-23.794829687927763,27.178413447334894,PRAD
sample_658,-21.570497718336444,-17.80727984983201,29.43263691600892,PRAD
sample_659,-0.23760119736163715,8.415172300162297,2.3520641722181796,LUAD
sample_660,-15.655613610472498,-26.763822313853517,28.769687733848887,PRAD
sample_661,-19.334125808971407,-25.453346574938664,31.590057136769854,PRAD
sample_662,1.9385850274078618,47.55671920613357,19.37273930567297,COAD
sample_663,-17.99454772292621,4.34136087444098,-16.32905685314805,BRCA
sample_664,-15.002994890301704,-10.464827969792758,-18.374439608787792,BRCA
sample_665,5.083220085421364,32.362224118743114,20.930490064082484,COAD
sample_666,1.701856445062231,8.945307151596822,13.58962994613294,LUAD
sample_667,39.95510672645603,-7.41896793227962,-3.887485071983755,KIRC
sample_668,-14.366779931757225,-5.323530631182374,-21.666744244356643,BRCA
sample_669,41.79905083871773,-6.5160939855068305,-4.691678031351281,KIRC
sample_670,1.2188795653320754,39.647311724549,25.913816501701493,COAD
sample_671,-13.703815769625296,-11.081846324476338,-17.999034410995158,BRCA
sample_672,-16.13325980173806,-6.030571003705268,-24.538136244292804,BRCA
sample_673,-14.18678633458671,-5.358156659309865,-16.65468191400525,BRCA
sample_674,-16.439471952025254,-26.643758993364568,29.216064569864606,PRAD
sample_675,2.989603362586346,4.573531732487113,13.205679681139838,LUAD
sample_676,36.146748732085626,-9.860226243279696,-3.7874417801708136,KIRC
sample_677,-19.22709139189316,-5.686931994333735,-22.62185039177328,BRCA
sample_678,-6.176130236225971,-15.810064861251007,14.322612469070085,PRAD
sample_679,33.79711565266144,4.418037141175337,-3.49357253955558,KIRC
sample_680,-17.775804305063954,-23.389475503794497,24.272772933228904,PRAD
sample_681,-15.548771065826505,-9.28366206401148,-22.246782413876552,BRCA
sample_682,2.578711769756183,13.854697519032523,4.838068244092178,LUAD
sample_683,44.66023403694185,-10.162990726290964,-4.3978350710169805,KIRC
sample_684,-19.012036447802224,-23.246107656451777,31.165264823588796,PRAD
sample_685,5.559517634793688,3.565675392041984,8.348073791781205,LUAD
sample_686,-14.831678384596753,-24.55352245701423,26.28768110792171,PRAD
sample_687,-11.665769491994073,-24.76838078738447,21.202339261542015,PRAD
sample_688,-15.410582722787675,13.915944888020565,-7.10724267735484,BRCA
sample_689,40.61664498142532,-14.933266199967303,-4.751170841984359,KIRC
sample_690,-12.560067322565816,-27.722528079033466,30.970116020927016,PRAD
sample_691,0.8667086288234437,11.762033572844581,5.7714307926922475,LUAD
sample_692,3.836022198931575,39.05949027389274,13.939909566445925,COAD
sample_693,2.7227099447887344,32.041914246981364,21.478473609725693,COAD
sample_694,-18.757706212916595,-6.2260570025767095,-20.17174523261633,BRCA
sample_695,-15.523476389017686,-5.99563711577953,-21.572203303751397,BRCA
sample_696,-19.040534746390044,1.4521311848454685,-22.187835422554286,BRCA
sample_697,0.08483034331875976,19.98466216504569,6.97704576894111,LUAD
sample_698,40.01423370013358,-11.388589394015842,-7.294738832981144,KIRC
sample_699,36.51306704642936,-10.726159144327633,-0.07404203361709975,KIRC
sample_700,37.243450572702834,-12.602275139784233,-2.460731697697609,KIRC
sample_701,-21.708600869089224,-0.44218107745503793,-21.60216404793494,BRCA
sample_702,-0.8387273635351514,12.052033650907932,2.6604984397995675,LUAD
sample_703,50.011681354174854,-15.222954928255461,-5.179078166750951,KIRC
sample_704,-16.978424463430798,-25.99363635802872,24.35901082084692,PRAD
sample_705,-16.652648093587874,-10.323175382388364,-15.494186290049058,BRCA
sample_706,-2.2526052184191143,8.921296112456425,1.6330850541864057,LUAD
sample_707,-19.48406864959058,-22.05617263725035,31.352632255419987,PRAD
sample_708,-14.762417331253848,-8.732424352248344,-23.407988968880098,BRCA
sample_709,-17.204384612576252,-16.651926496402602,25.1805055897288,PRAD
sample_710,-18.25427909560956,8.927753907102263,-23.13095193171486,BRCA
sample_711,38.82583632763459,-10.293322939453077,-2.318084303237607,KIRC
sample_712,-10.7095356889747,9.722362303058532,-14.629083217034552,BRCA
sample_713,6.393030579437994,10.461217781766337,15.03173271363884,COAD
sample_714,-17.817444839667598,-27.835985354989248,29.477923278982345,PRAD
sample_715,-10.686310642163223,-22.981534502316993,30.02831211802285,PRAD
sample_716,48.113898217899795,-15.000451703973477,-6.335062314428016,KIRC
sample_717,-11.107802410628832,-23.23171734340141,24.43021238090344,PRAD
sample_718,38.26395532993786,-4.41954304656117,-1.9235016185884368,KIRC
sample_719,-14.917781203320134,2.684239790626055,-24.162512609359286,BRCA
sample_720,2.168951027020581,13.62637545194152,4.933216684939035,LUAD
sample_721,1.3879666010406653,14.667133458381024,2.8165901069740693,LUAD
sample_722,-13.873758819425124,7.641827891638313,-15.10112887349574,BRCA
sample_723,-14.245103250876392,-1.91158031494293,-4.236922835134973,BRCA
sample_724,43.56756307746309,-11.029399924479034,-2.9192501831738693,KIRC
sample_725,-15.623400323679418,-0.5449051718324601,-22.41375272642622,BRCA
sample_726,-20.68639672467204,0.5710094292815198,-16.870388092521836,BRCA
sample_727,-12.332617929594392,-15.80467554776501,-10.843926474475285,BRCA
sample_728,-16.64447711621778,6.859407139743913,-21.96872360890437,BRCA
sample_729,44.25692879134576,-12.443362161715458,-5.895136008777945,KIRC
sample_730,40.441941107740554,-8.969681906833603,-1.3747862096060715,KIRC
sample_731,-14.03336568131434,-27.7796840757251,28.21677674869747,PRAD
sample_732,1.8043352840369475,33.26013286773945,20.512510156480516,COAD
sample_733,48.83970494358151,-11.363164019732178,-9.180138364818974,KIRC
sample_734,-6.22460787941854,10.536339314129938,-13.376115500798123,BRCA
sample_735,-14.015288033061424,-6.664581432509859,-11.759804841772185,BRCA
sample_736,37.95343382660622,-4.1155449814688145,0.13858459604584114,KIRC
sample_737,-16.117453191433608,0.004451650482560395,-20.17416614875989,BRCA
sample_738,7.43567349644657,10.441130410815212,6.706373767623145,LUAD
sample_739,-10.709271661564218,8.065691600892608,-6.174667866738463,BRCA
sample_740,-17.258184316400968,3.281753201827681,-23.141576863286637,BRCA
sample_741,-12.87773500612444,-26.73905906279562,23.023266643981128,PRAD
sample_742,-16.102176390825225,-6.128711187819709,-11.889882881707084,BRCA
sample_743,-19.426581983971694,-22.23377082885901,32.42426142621026,PRAD
sample_744,-20.209832831001417,-5.5927192183838015,-19.371265595645614,BRCA
sample_745,1.5868119632310307,50.32992881581089,20.237328781528387,COAD
sample_746,-16.337421455787172,-7.052074481129986,-14.587282385239147,BRCA
sample_747,-19.653884143611673,-0.2736996800411541,-19.203720935709146,BRCA
sample_748,38.0240646309335,-6.95901879545777,-3.003617809480016,KIRC
sample_749,-2.251774843733694,13.660588820116873,7.236229870390748,LUAD
sample_750,-19.924292140195526,3.0468092378830596,-14.72897526970031,BRCA
sample_751,-9.935394885208387,6.330262089612608,-10.512003355830037,BRCA
sample_752,-13.041927862022792,-29.266724404128244,31.281079355696093,PRAD
sample_753,-14.998453680023312,1.352598225110791,-23.899727872223835,BRCA
sample_754,-16.73358496623844,-22.889494264053493,25.096843739713954,PRAD
sample_755,9.380811075837384,21.316132008671122,13.707733073577156,COAD
sample_756,-17.935341546728207,3.099181677882843,-23.91870199066442,BRCA
sample_757,-13.109143787771334,-5.935023481978557,-14.519993994668841,BRCA
sample_758,-17.210585768138642,-10.124628138113376,-16.42816253784131,BRCA
sample_759,3.330484593099213,10.950248821674553,6.0934756219423445,LUAD
sample_760,-15.769261695126723,11.18814291123567,-20.796260239295396,BRCA
sample_761,-3.3248398181486962,10.955613956724102,6.135121407663614,LUAD
sample_762,-13.013151222795765,0.8853896776157064,-13.245825306389804,BRCA
sample_763,-3.1378842385203622,12.129366895325672,7.177055605524816,LUAD
sample_764,43.8068241388181,-4.546869778273375,-4.163531569207034,KIRC
sample_765,48.223106611060544,-10.995090285094308,-10.816377161773943,KIRC
sample_766,3.6605929191902336,33.1844699835099,19.733378712333916,COAD
sample_767,3.2683863109471365,24.833074693989644,16.657307173563602,COAD
sample_768,-18.011996180812393,-9.491422907482526,-22.57237851601646,BRCA
sample_769,-11.970530123352608,-14.342684789444995,-20.826238780643685,BRCA
sample_770,-18.42141204484758,-1.7361373229208807,-15.51081890832804,BRCA
sample_771,-6.712898820245987,21.80571220661872,2.0322413075189125,LUAD
sample_772,-13.991551986025506,-12.164106138959301,-16.481652803604803,BRCA
sample_773,1.0850135551600995,9.202711494389828,12.322945624278457,LUAD
sample_774,34.129406671401895,3.029224192959233,-0.31623123973563566,KIRC
sample_775,-12.451365762614616,-0.6966264437743608,-18.726356919848925,BRCA
sample_776,1.6444158452673723,15.029935458544129,4.705794486441133,LUAD
sample_777,45.75829216055945,-6.207289098470805,-4.2399227590653465,KIRC
sample_778,-1.3470768125581432,21.12357598128764,7.649656279127184,LUAD
sample_779,1.3277302360953067,17.960043519553704,8.061944869639726,LUAD
sample_780,-4.475017369348975,24.64958472707731,0.5358896896496514,LUAD
sample_781,48.85809295617317,-10.377848793405496,-6.089868204562155,KIRC
sample_782,-10.723939200181597,-5.783976039513913,-22.273713959880393,BRCA
sample_783,-21.53426170252637,-10.79182373760203,28.152156454968342,PRAD
sample_784,-10.708296862803763,16.370034245129737,-11.357366378281577,BRCA
sample_785,-14.432618885252749,3.990353174469712,-21.777317002546916,BRCA
sample_786,40.918187781913645,-7.977069381988557,-7.178594763484866,KIRC
sample_787,-21.69835327740226,4.741681511847414,-22.42837558652547,BRCA
sample_788,-17.800002059572325,-18.52703950829924,24.606498539421796,PRAD
sample_789,21.41133134947837,-2.3259189058405405,8.7963893153129,KIRC
sample_790,-14.469717379926898,3.380149588195418,-21.816215938405335,BRCA
sample_791,-14.941642909151195,-0.5241607756190282,-25.963984248916518,BRCA
sample_792,-16.17662363251275,1.4857958398353417,-21.215205630541956,BRCA
sample_793,-21.032773441657582,0.5001845124068272,-25.042271911079236,BRCA
sample_794,-16.068731365780575,-24.558832834273407,25.00583661881793,PRAD
sample_795,3.5426397000105982,9.801885716626115,7.527444918470006,LUAD
sample_796,-20.39537327791971,-5.628835941010052,-25.259863260122614,BRCA
sample_797,-1.4453535970615285,19.017652359050214,10.678829067993256,LUAD
sample_798,3.492736037031541,-0.028518144232984086,20.778802074872427,COAD
sample_799,-14.27484260607513,-21.85045999115773,28.134264790513846,PRAD
sample_800,-14.538734981927464,-13.473221090124543,18.084451239127645,PRAD
